{
  "custom.mountain": {
    "sounds": [
      { "name": "mountain1", "stream": false },
      { "name": "mountain2", "stream": false },
      { "name": "mountain3", "stream": false },
      { "name": "mountain4", "stream": false },
      { "name": "mountain5", "stream": false },
      { "name": "mountain6", "stream": false },
      { "name": "mountain7", "stream": false },
      { "name": "mountain8", "stream": false },
      { "name": "mountain9", "stream": false },
      { "name": "mountain10", "stream": false },
      { "name": "mountain11", "stream": false },
      { "name": "mountain12", "stream": false },
      { "name": "mountain13", "stream": false },
      { "name": "mountain14", "stream": false },
      { "name": "mountain15", "stream": false },
      { "name": "mountain16", "stream": false },
      { "name": "mountain17", "stream": false },
      { "name": "mountain18", "stream": false },
      { "name": "mountain19", "stream": false },
      { "name": "mountain20", "stream": false },
      { "name": "mountain21", "stream": false },
      { "name": "mountain22", "stream": false },
      { "name": "mountain23", "stream": false },
      { "name": "mountain24", "stream": false },
      { "name": "mountain25", "stream": false }
    ]
  },
  "custom.piano": {
    "sounds": [
      { "name": "piano1", "stream": false },
      { "name": "piano2", "stream": false },
      { "name": "piano3", "stream": false },
      { "name": "piano4", "stream": false },
      { "name": "piano5", "stream": false },
      { "name": "piano6", "stream": false },
      { "name": "piano7", "stream": false },
      { "name": "piano8", "stream": false },
      { "name": "piano9", "stream": false },
      { "name": "piano10", "stream": false },
      { "name": "piano11", "stream": false },
      { "name": "piano12", "stream": false },
      { "name": "piano13", "stream": false },
      { "name": "piano14", "stream": false },
      { "name": "piano15", "stream": false },
      { "name": "piano16", "stream": false },
      { "name": "piano17", "stream": false },
      { "name": "piano18", "stream": false },
      { "name": "piano19", "stream": false },
      { "name": "piano20", "stream": false },
      { "name": "piano21", "stream": false },
      { "name": "piano22", "stream": false },
      { "name": "piano23", "stream": false },
      { "name": "piano24", "stream": false },
      { "name": "piano25", "stream": false }
    ]
  }
}
